{
    "accuracy": 0.7467426142697882,
    "loss": 0.9241946613874988
}