{
    "accuracy": 0.7387180062864841,
    "loss": 0.8989070339967277
}