{
    "accuracy": 0.8694607023411371,
    "loss": 0.5093327596027782
}