{
    "accuracy": 0.8638723619218679,
    "loss": 0.520242216108182
}