{
    "accuracy": 0.866945442299057,
    "loss": 0.49618744443504864
}