{
    "accuracy": 0.8983242753623188,
    "loss": 0.3938439879026534
}