{
    "accuracy": 0.89938819039066,
    "loss": 0.366238325805837
}