{
    "accuracy": 0.8002076784912439,
    "loss": 0.8045382247171329
}