{
    "accuracy": 0.8946171980242478,
    "loss": 0.5313307203011204
}