{
    "accuracy": 0.8915307971014492,
    "loss": 0.545909914566015
}